url3ee04818e8_abliss_poker_tgz-pJ8-TestJ8,7.299660682678223
url8b434243b7_ondrasej_GPlan_tgz-pJ8-PlanningProblemTestJ8,8.292346239089966
url49fd521e8b_Kineolyan_JSpec_tgz-pJ8-fw_MainJ8,7.6706929206848145
url7606378bcc_ljy2010a_protobuf2_tgz-pJ8-com_game_gameObj_bufBuilder_ReflectBuilderJ8,27.840588569641113
urlcbcf8d4d58_vikaleshch_task1_tgz-pJ8-by_epam_christmasgift_main_MainJ8,5.022610187530518
url9a546dbc59_ojjsaw_448p3_tgz-pJ8-tests_RelOperatorTestJ8,7.773175477981567
url8417b1b213_Ratchette_Rummikub_tgz-pJ8-rummikub_RummikubJ8,8.837504386901855
url8556430df5_saulguillermo_agapi_tgz-pJ8-agapi_impl_ejemplos_IndividuoCombinatorioEjemploJ8,6.39860463142395
urld558a3d988_gao715108023_resourceMonitor_tgz-pJ8-com_sinopec_agent_AgentJ8,13.537420272827148
urlb090c33e5e_vikrambindal_mongodb_tgz-pJ8-vikram_demo_main_BlogDemoMainJ8,4.665407419204712
url8551e9ebc1_mishika05_Salesforce_DataGen_tgz-pJ8-org_json_TestJ8,19.81200098991394
urlc945a4be7c_dburggie_jatrace_tgz-pJ8-renders_EllipseJ8,10.603344678878784
url79f898233e_tombrus_jvthundred_tgz-pJ8-com_tombrus_vthundred_test_screen_BorderJ8,12.661946058273315
url8c14fd53ee_luca89_itaco_tgz-pJ8-main_RunnerJ8,16.321054697036743
url0307c0e995_js_labs_js_collider_tgz-pJ8-org_jsl_tests_shmem_throughput_MainJ8,20.399338483810425
url9582d546a9_twentylemon_sudoku_generator_tgz-pJ8-sudoku_Top95J8,10.42273497581482
url708d477f92_zSakare_SENG3011_tgz-pJ8-test_runner_TestRunnerJ8,9.940683841705322
url6a9f553762_Bresiu_socket_io_tgz-pJ8-MainJ8,14.218197584152222
url8012c8d031_dmbb966_BBMS_tgz-pJ8-testbed_JNEATtestJ8,39.69507455825806
url61db808cfe_ctriposs_bigcache_tgz-pJ8-com_ctriposs_bigcache_BigCacheStressTestJ8,14.371065378189087
url9ef4af9ae5_stevenreyn_RegionViewer_tgz-pJ8-net_slreynolds_ds_SecondTestJ8,11.138990879058838
url90b6689baa_adsonrocha_PD321_tgz-pJ8-MyFuzzyLiteClassJ8,24.938652753829956
url47ebb27197_asirbu_CorrectiveEvolution_tgz-pJ8-eu_fbk_soa_evolution_engine_impl_test_ProblemToSMVFuncTestJ8,25.815213203430176
url4c41254592_topskychen_AuthTopk_tgz-pJ8-quickhull3d_QuickHull3DTestJ8,44.48064160346985
url400631cdd0_ludaiqian_appliedxml_tgz-pJ8-test_simples_TestJ8,127.68709015846252
url3010dbde70_nbartlett_Sequence_Memoizer_tgz-pJ8-edu_columbia_stat_wood_pub_sequencememoizer_IntSequenceMemoizerJ8,12.53960394859314
url47087446e9_kellrott_SparqlScape_tgz-pJ8-org_json_TestJ8,21.049004793167114
url6dc6a3bff8_JasonxJiang_PokemonEvolutionaryAlgorithm_tgz-pJ8-ee_ea_pkg1_EEEA1J8,16.06672716140747
url054c08669f_jules2689_CSI4124_tgz-pJ8-SMThemeParkExperi3J8,5.996979236602783
url7895f5cfa7_edm92_defaultlogic_tgz-pJ8-be_fnord_DefaultLogic_AppJ8,8.745013236999512
url529c09a30c_kianyangchn_DriveNow_tgz-pJ8-drivenow_tests_TestJ8,10.318291187286377
url4aac7e6f55_simon0191_tetris3d_tgz-pJ8-Tetris3dJ8,24.029202222824097
url9e7e48285f_nalbachk_MidiToPhaseShift_tgz-pJ8-com_my_main_MainJ8,12.632760763168335
urld499b6e5aa_HatlessFox_StPatrickSimulation_tgz-pJ8-ru_spbau_sd_MainJ8,7.51078724861145
urldee901fae6_DocX_personal_timetabling_tgz-pJ8-net_personaltt_main_BenchmarkJ8,22.72356104850769
url21b471891f_Agetac_Model_tgz-pJ8-org_json_TestJ8,21.46289896965027
url4c27590fbe_Hoten_Java_Delaunay_tgz-pJ8-com_hoten_delaunay_examples_TestDriverJ8,11.16244101524353
url89849c8c5b_timmolter_XChart_tgz-pJ8-org_knowm_xchart_standalone_Example1J8,37.437994718551636
url11fb0973cf_raichuman9_Swimmer526_tgz-pJ8-fr_inria_optimization_cmaes_examples_CMAExample1J8,50.21781325340271
url1f1de5fc71_cooijmanstim_hobo_tgz-pJ8-hobo_TestingEnviromentJ8,21.81734800338745
url78d0cbe382_TeeAaTeeUu_SitsiPlaseeraus_tgz-pJ8-sitsiplaseeraus_MainJ8,19.157750844955444
url6f0c51b1b4_TheFakeMontyOnTheRun_open688_tgz-pJ8-br_odb_open688_app_Open688ServerJ8,6.070324420928955
urlb5d5be4365_abmargb_oursim_ext_tgz-pJ8-br_edu_ufcg_lsd_oursim_experiments_RemoteNoFScenarioGeneratorJ8,29.891470432281494
url80587fc7d5_dennervidal_CloudSim_DVFS_tgz-pJ8-Examples_Dvfs_example_simpleJ8,42.329365253448486
url65a69497a4_sweider_BankSystem_JavaLab8_tgz-pJ8-banksystem_lab4_LauncherJ8,6.153765678405762
urla05239b71c_viniciusinnovatium_mumps2java_api_tgz-pJ8-com_disclinc_netmanager_script_test_ExecTesteNewJ8,17.513063192367554
url901cc5721b_shidasan_KonohaCoffee_tgz-pJ8-org_KonohaScript_KonohaJ8,10.344674110412598
urlaf656038a0_Salihan04_MOBLIMA_tgz-pJ8-com_moblima_util_dataTestJ8,15.534437417984009
url41e0dd6de9_jakaldama_pipeline_simulator_tgz-pJ8-PipelineSimulatorJ8,6.1645355224609375
urlf91495fd27_Rembau_complie_tgz-pJ8-matcher_MatchJ8,8.344222784042358
urlfaa9045c2e_Azmisov_racko_ai_tgz-pJ8-client_TestingJ8,13.238837957382202
url6f34cc586e_mekku93_sxl_interpreter_repl_tgz-pJ8-com_miguel_sxl_SXLJ8,18.403003454208374
url7d636e8121_laforge49_JActor2_tgz-pJ8-org_agilewiki_jactor2_core_revisited_EHJ8,20.705185174942017
url58b12a0c74_tatianaslod_daooTP_tgz-pJ8-tp1_MainTp1J8,1.322493314743042
url0980c8326f_TobiasScharnowski_Chess_tgz-pJ8-chess_StartJ8,8.376389503479004
urla42f49a9b2_dpjayasekara_crypthouse_tgz-pJ8-vehiclesc_VehicleSCJ8,9.536689758300781
urla67b38dd7b_Coolhand2_DnD_AttributeGui_tgz-pJ8-dnd_attributegui_DnDAttributeGuiJ8,8.029803991317749
url458e40ff41_mmacfadden_java_baldwin_ga_tgz-pJ8-edu_sdsu_cs652_si_baldwin_SimulationEngineJ8,7.261716604232788
url24d793285d_auzll_gengweibo_tgz-pJ8-org_json_TestJ8,28.07398772239685
urlc1c8a2efc1_wydler_mdbt_tgz-pJ8-de_hrw_mdbt_CRSJ8,10.027464389801025
urlcdab7d8364_jrwalsh_CycTools_tgz-pJ8-edu_iastate_cyctools_MainJ8,24.32487654685974
url913d8566d1_AnsBalin_rbn_tgz-pJ8-MainJ8,13.506802320480347
url6be695d833_nikoloz_pachuashvili_Patterneria_tgz-pJ8-org_patterneria_MainJ8,5.312947034835815
url433bec1e56_sarobe_DifficultyInvestigation_tgz-pJ8-fr_inria_optimization_cmaes_examples_CMAExample1J8,41.673556327819824
urld2fb1d2b05_thnaeff_Util_tgz-pJ8-ch_thn_util_tests_TreeTestJ8,27.570895433425903
urldeb33fd2fa_friedemann_distripedia_tgz-pJ8-org_json_TestJ8,27.079527854919434
url58e9ba4d92_novokrest_DrunkardGame_tgz-pJ8-DrunkardGame_MainJ8,5.46358585357666
url43a0865bb0_kevinjdolan_darwin_tgz-pJ8-tui_DriverJ8,22.398757457733154
url30d916877f_shylux_shyview_tgz-pJ8-org_json_TestJ8,24.011525869369507
url9512d8fa89_bdkosher_card_games_tgz-pJ8-org_washcom_cardgames_battleroyale_BattleRoyaleGameSimulatorJ8,14.218396663665771
url29ecd5d728_geodb_db3dcore_tgz-pJ8-de_uos_igf_db3d_dbms_model3d_SegmentNetBuilderJ8,130.18856501579285
url4192078a2f_unsegnor_hipotetizador_tgz-pJ8-hipotetizador_MedirTiemposJ8,13.105302333831787
url7a69e77641_benmouh_MySgbd_tgz-pJ8-Demo_CheckRowNumJ8,18.311551570892334
url7f15a160d2_timofei7_old_ai_assignments_tgz-pJ8-org_json_TestJ8,24.38074541091919
url47e6aca666_pocorall_automaton_tgz-pJ8-net_pocorall_automaton_DatatypesJ8,19.16778540611267
url82787aa7a4_vrthra_v_language_tgz-pJ8-v_VJ8,14.011299848556519
url80e7c3d65d_sblit_dcl_tgz-pJ8-org_dclayer_DCLJ8,30.67364740371704
urle381b6cba7_IkarosKappler_ikrs_http_tgz-pJ8-ikrs_json_rpc_JSONRPCHandlerJ8,52.16580009460449
url78117c6033_BrianMoths_LittleManManager_tgz-pJ8-littlemangame_LittleManGameJ8,22.573977947235107
urlc98c3b97d2_Trimax_venta_tgz-pJ8-com_gesoftware_venta_structures_map_MapTestJ8,20.93058967590332
url64700e9ab7_dwicke_course_scheduler_tgz-pJ8-org_json_TestJ8,28.008177757263184
urld829b80034_wjch111_PTSP2013Wang_tgz-pJ8-controllers_momcts_momctsCore_TestPlannerJ8,29.252575874328613
url748e34f967_Diab1o_java_7z_archiver_tgz-pJ8-com_swemel_sevenzip_TestJ8,14.511315107345581
url5583f3dbb2_XOR19_XScript_tgz-pJ8-xscript_interactive_MainJ8,49.04827570915222
urle27f76cced_iconmaster5326_HPPPlus_tgz-pJ8-com_iconmaster_hppplus_HPPPlusJ8,10.325235843658447
urlefa3b0a07b_jhngzhu_Database_RelationalOperator_tgz-pJ8-tests_ROTestJ8,7.832102537155151
urlc175f05cb8_mchllbrt_PermCode_tgz-pJ8-permlib_examples_UniversalSeparableJ8,48.510754346847534
urld8e41b4f7f_warrenfalk_jbox2dtest_tgz-pJ8-org_jbox2d_testbed_framework_TestbedMainJ8,22.785261392593384
url3426a97ee4_rtreffer_minidns_tgz-pJ8-de_measite_minidns_minidnsrepl_MiniDnsReplJ8,30.4182550907135
url10fb6bd43e_guwere_P2PSearch_tgz-pJ8-MainJ8,7.862197399139404
urlcaef331f4e_dreamable_cra_tgz-pJ8-coho_lp_project_LPProjectJ8,52.05242681503296
url1a745d67fc_sobercheg_InterviewTraining_tgz-pJ8-leetcode_oj_Solution2TestJ8,69.14337515830994
urlbc3e98d97e_jmhorjus_EFCP_Implementation_tgz-pJ8-UDPConnector_UdpConnectorTestJ8,7.513171434402466
url8752fbdeb0_sixtam_args_tgz-pJ8-cz_mff_dpp_args_examples_ConstraintTestJ8,8.724278450012207
url97f33aa931_wnr_Othello_tgz-pJ8-kth_game_othello_tournament_MainJ8,12.85801100730896
url8db16c7d62_Arsaell_EdT_tgz-pJ8-DATA_MainJ8,21.467483520507812
url2e4fca7217_mark_lacdao_RPGClient_tgz-pJ8-org_nerv_rpgclient_MainJ8,4.744473695755005
url64b10c0106_schlabberdog_blocks_tgz-pJ8-com_github_users_schlabberdog_blocks_ui_CliUIJ8,8.913413286209106
urlaeeaf948fe_smcpeak_ded_tgz-pJ8-ded_model_SerializationTestsJ8,27.602506160736084
url8867e6a4e2_cyberpython_JAwesomeChart_tgz-pJ8-com_gmigdos_jawesomechart_renderers_twodimensional_horizontal_ColumnChartRendererJ8,11.80221152305603
urla5230a98e3_Dhana_Krishnasamy_InMemoryJMS_tgz-pJ8-com_dhana_broker_demo_AppJ8,10.837119340896606
url1d5e9d990f_Telsis_jOCP_tgz-pJ8-com_telsis_jocp_sampleApp_BasicOCPAppJ8,16.03435182571411
url28dfd00382_byang223_TurnBAPI_tgz-pJ8-units_upgrades_UpgradeTestJ8,18.113506078720093
url3ed4973106_kosmasK_RecordPlayer_tgz-pJ8-es_uc3m_recordplayer_test_TestJ8,11.27174425125122
urld0f681c558_farom57_AstroidDriver_tgz-pJ8-laazotea_indi_server_examples_MinimumINDIServerJ8,20.30524206161499
url5997ccb760_JANNLab_JANNLab_tgz-pJ8-de_jannlab_examples_recurrent_SequentialXorExampleJ8,16.20720648765564
url5492781e79_florianpilz_Concurrent_Hash_Collision_tgz-pJ8-main_MainJ8,6.464873790740967
url632301a43b_octomarat_Drunkard_tgz-pJ8-ru_drunkard_game_DrunkardTheGameJ8,6.974671840667725
url8be3f02398_vnamboo_LearnJava_tgz-pJ8-org_json_TestJ8,19.986352682113647
urld856362767_hpdcj_PCJ_tgz-pJ8-org_pcj_test_StorageExampleMainJ8,23.546807765960693
urlddedf61e88_dwendelen_CG2_1_tgz-pJ8-RendProjectJ8,10.392470121383667
url9ba68db77a_samkio_Dungeonator_tgz-pJ8-net_woopa_dungeon_core_Main2J8,8.02467942237854
urlcdd0c1ab49_emiln_JHouseFireExplorer_tgz-pJ8-dk_brics_automaton_DatatypesJ8,23.20727276802063
urlb57eb64056_jacadenac_ISI_Othello_UN_tgz-pJ8-othello_OthelloJ8,11.256661653518677
url71665d7d68_branscha_lib_scripty_tgz-pJ8-com_sdicons_scripty_ScriptyAutoReplJ8,24.553104162216187
url70ed135da7_ralfbiedert_jcores_tgz-pJ8-sandbox_SimpleFilterTestJ8,32.97596788406372
urlbd77b745af_KokaKiwi_MCLauncher_tgz-pJ8-net_contrapunctus_lzma_BenchmarkJ8,19.601577758789062
urleb43757003_Origraena_mas_platform_tgz-pJ8-ori_MainJ8,7.4772679805755615
urla958522fc1_spirosikmd_inmdsy_08_tgz-pJ8-TesterAppJ8,11.571655988693237
url863d2ab553_themadcreator_delaunay_tgz-pJ8-org_delaunay_PoissonDiscSamplesDemoJ8,12.142769575119019
url2b9f720f64_jfimbett_QBnB_tgz-pJ8-tests_TestJ8,10.423934698104858
url18cf99526f_anasbenis_MiniProjetMay_tgz-pJ8-test_MainJ8,6.236111402511597
urldd9e4ada6f_kirillF_sample_jenkins_project_tgz-pJ8-com_bigfatplayer_hello_AppJ8,13.11506175994873
url27db8982cd_leohinterlang_argFace_tgz-pJ8-com_fidelis_argface_ArgSampleJ8,20.581855297088623
url9ecf1e8297_nhamidi_ninja_tgz-pJ8-net_fec_openrq_test_TestRunnerJ8,27.389164686203003
url2b4a2d655b_Yehonal_unisa_prog2_jdm_tgz-pJ8-com_jdeals_tests_TestUserBuyingJ8,17.5651752948761
url8d3c4d17f5_catseye_JaC64_tgz-pJ8-JaC64J8,42.999181270599365
url2698a2c731_cassandra_project_cassandra_stand_alone_tgz-pJ8-eu_cassandra_sim_MySimpleDynamicScenarioSimulationJ8,23.347850561141968
urle514e161fe_pericodiaz89_NextGen_tgz-pJ8-lib_json_TestJ8,25.524411916732788
urlfcc351a1ba_kuntapavankumar_Z_tgz-pJ8-edu_concordia_dpis_ReplicaTestJ8,10.875343561172485
url00509339cf_tedwon_scribe_log4j_appender_tgz-pJ8-com_realtimecep_scribe_ScribeJavaServerJ8,30.107712030410767
url29ae058134_yuriy_chumak_jatha_tgz-pJ8-org_jatha_LispJ8,19.212061405181885
urlac47192b66_ggrandes_bouncer_tgz-pJ8-org_javastack_bouncer_ClusterTestJ8,19.192802906036377
url063b9533f6_karlney_tetris_ai_tgz-pJ8-karlney_tetris_cmd_TetrisGameRunnerJ8,9.180553913116455
urlfc1c29991b_nil_mish_InJava_tgz-pJ8-edu_usc_cs_nsl_indexing_test_TestTrieProtoJ8,11.51269268989563
url2b521cbda7_eobermuhlner_jhuge_tgz-pJ8-ch_obermuhlner_jhuge_example_MeasureHeapJ8,36.24912786483765
urlbf4fd38f68_rduerig_StrategyBDD_tgz-pJ8-com_strategy_util_TestMainJ8,16.21237349510193
url72c32f3c54_Quickhull3d_quickhull3d_tgz-pJ8-com_github_quickhull3d_SimpleExampleJ8,8.853785037994385
url60801aaae5_yurgenbeerman_JavaOOP_with_Maven_tgz-pJ8-edu_services_PublicServiceDemoJ8,12.998570442199707
url416ee5b4ee_martinmarinov_HonProj_tgz-pJ8-martin_gui_MainJ8,19.41336488723755
url9a01f43c15_poragchowdhury_securitygame_tgz-pJ8-securitygame_GameMasterJ8,9.118109703063965
url5c7c5a5b36_taczge_rdf_store_tgz-pJ8-experiment_SATSolverExperimentJ8,9.519446849822998
url4df616fce9_s3e0n1g1_prototype3_tgz-pJ8-Trading_Engine_MainJ8,14.571439743041992
url47af6b1535_rolandotr_db_comparison_tgz-pJ8-methodology_HistoryJ8,15.911325216293335
url835a90ed59_aschi_regularLanguages_tgz-pJ8-ch_zhaw_regularLanguages_evolution_runners_EvolvingLocalDivisable5LanguageJ8,14.914247989654541
url146c819f25_jlink_Parse4SJM_tgz-pJ8-sjm_examples_book_robot_ShowRobotRefactoredJ8,24.691834688186646
url74b2be4e76_gurbano_petulant_octo_sudoku_tgz-pJ8-test_testJ8,11.578552722930908
url28f181064f_simonjupp_java_skos_api_tgz-pJ8-example_CreateSKOSExampleJ8,12.0525643825531
url73e3057d61_empeeoh_BACnet4J_tgz-pJ8-com_serotonin_bacnet4j_test_OverflowTestJ8,89.08747029304504
urlaf0069908d_AlexanderAndreev_Parking_tgz-pJ8-com_andreev_parking_controller_RunnerJ8,4.870956659317017
urlaa051fbd3d_WheezePuppet_collegeDiversity_tgz-pJ8-edu_umw_cpsc_collegediversity_SimJ8,6.0181498527526855
url7f43a4752f_shalynnho_pokemonfactory_tgz-pJ8-Networking_ServerJ8,34.83762884140015
url2bc31e3489_ramonli_RabbitMQResearch_tgz-pJ8-com_mpos_lottery_te_thirdpartyservice_amqp_protobuf_CancellationMessagePulisherJ8,20.019949436187744
url542ae48576_tonyheadford_m68k_tgz-pJ8-m68k_MonitorJ8,23.01123833656311
urlb534bf3fca_akademi4eg_aka_uvc_tgz-pJ8-net_dtkanov_blocks_core_AppCoreJ8,19.71891736984253
urld025f21ac3_mvattipulusu_Innovation2013_tgz-pJ8-com_usps_data_ManifestFileTestJ8,146.95623230934143
urlb879d9e865_ogotalski_elevator_tgz-pJ8-ElevatorTaskJ8,7.888060808181763
url46a88cc932_toby1984_tinyc_tgz-pJ8-de_codesourcery_dcpu16_compiler_CompilerJ8,22.063247442245483
urld58fd5e7a9_longrm_weibo_robot_tgz-pJ8-weibo4j_org_json_TestJ8,34.34351587295532
url27a7ae3508_serkan_ozal_ocean_of_memories_tgz-pJ8-com_zeroturnaround_rebellabs_oceanofmemories_article1_objectlayout_ObjectMemoryLayoutDemoJ8,19.53586769104004
url882f91ec97_WenboCao_Microsoft_Drone_tgz-pJ8-org_ejml_alg_dense_decomposition_qr_StabilityQRDecompositionJ8,85.47983264923096
url0d084b4168_zhourui392_BaiduPicDown_tgz-pJ8-org_json_TestJ8,18.012457847595215
url55e48746be_isostorm_RPGame_tgz-pJ8-rpg_MainJ8,8.43145489692688
url78f6619d18_IntersectAustralia_rifcs_tgz-pJ8-org_ands_rifcs_example_SampleRIFCSBuildCollectionJ8,11.712344646453857
url0f7f8f6435_TimmiTBy_Epam_tgz-pJ8-com_epam_electricalappliance_RunnerJ8,5.059621810913086
url74c52881d6_AndrewBourgeois_JGWCAConstants_tgz-pJ8-be_demmel_fun_jgwcaconstants_Tutorial4J8,15.764841318130493
url633772aa30_isma3l_Tp2_tgz-pJ8-ar_fiuba_tecnicas_framework_Pruebas_Casos1_MainJ8,7.018128871917725
url47fcfc0133_baliosian_tau_fst_tgz-pJ8-uy_edu_fing_mina_fsa_test_old_TestComposition1J8,32.8195595741272
urlac20d257ff_zhongdj_Madz_Stochastic_tgz-pJ8-net_madz_test_stochastic_core_impl_DynamicDemoJ8,10.368359088897705
url147ce07ebe_JoshuaKissoon_Kademlia_tgz-pJ8-kademlia_simulations_RoutingTableStateTestingJ8,12.01916217803955
urlc4364d0d12_ahmedelmorsy_cafetria_simulation_tgz-pJ8-main_MainJ8,10.605165958404541
url647b55da7c_Nikhilkumar13_emuSr_tgz-pJ8-MainJ8,17.918660402297974
url2114d537a2_ForNeVeR_lanterna_tgz-pJ8-com_googlecode_lanterna_test_gui_DifferentKindsOfListBoxesTestJ8,21.032926559448242
url1cbaffb197_foxking0416_AlgorithmTraining_tgz-pJ8-algorithm_leetcode_MainLeetJ8,24.48339581489563
url9d04094941_petermikitsh_PizzaDeliverySystem_tgz-pJ8-testdrivers_ManagerReportTestDriverJ8,23.374239444732666
url7507f7ef16_Neuro17_jsongkick_tgz-pJ8-jsongkick_AppJ8,6.577423095703125
url74761fd9a6_cstriker1407_design_pattern_tgz-pJ8-yeah_cstriker1407_design_patterns_MainJ8,5.647930860519409
url354ce1a2d1_dagaren_gladiator_chess_tgz-pJ8-es_dagaren_gladiator_main_MainJ8,25.24747323989868
urlc58b5c5b73_emiliano_fiuba_2013_2c_7510_tgz-pJ8-test_java_FrameworkTestsJ8,4.887226343154907
urlaf1bd0a8c7_RoboCafaz_RummyJ_tgz-pJ8-rummyj_BFJ8,6.48352575302124
url270fc4f5ee_ykcilborw_Joust_tgz-pJ8-fri_patterns_interpreter_parsergenerator_examples_HowToOverrideLexerImplJ8,41.696797609329224
url52422c4052_AtorVdm_Patterns_tgz-pJ8-patterns_MainJ8,6.982782363891602
urlc5fdb179cc_lagodiuk_evo_neural_network_agents_tgz-pJ8-com_lagodiuk_agent_evolution_MainJ8,10.185526371002197
url0e7d57473a_kyorohiro_HetimaUtil_tgz-pJ8-net_hetimatan_net_http_HttpServer3xxJ8,17.86967420578003
urld3c7d5e997_dku_rajkumar_java_api_for_amon_tgz-pJ8-org_json_TestJ8,12.228539228439331
url7b90c1010b_DastanIqbal_HelloZMQwithJava_tgz-pJ8-ClientJ8,19.49444031715393
urla39b63eb76_tef_pipeline_tgz-pJ8-org_twentygototen_pipeline_ExampleJ8,8.25728726387024
url2892692420_mikaello_inf3110_oblig1_tgz-pJ8-inf3110_oblig1_Inf3110_oblig1J8,5.990014314651489
url8f84d8d956_klapaukh_JTuttePoly_tgz-pJ8-BitTutteJ8,15.270270347595215
url7a45f192ca_mfullen_ping_pong_net_tgz-pJ8-ping_pong_net_client_io_TestClientNonPPNServerJ8,15.201440334320068
urlb2eb4229f3_pTalanov_SoftwareDesignCourse2013_tgz-pJ8-ru_spbau_talanov_sd_drunkard_SimulationJ8,6.493296146392822
url8df97b3310_dbathon_nurikabe_java_tgz-pJ8-dbathon_nurikabe_MainBenchJ8,8.644724369049072
urlce7759b8da_Palachsuper_EBA4_tgz-pJ8-json_TestJ8,21.13239598274231
url86119f019a_solzy_hive_parse_tgz-pJ8-org_apache_hadoop_hive_ql_parse_MainJ8,3182.862205028534
urlb3290c8e9e_craigonic_jasl_tgz-pJ8-DriverJ8,9.361292123794556
url78eec0e0b6_Orikuro_vic_tgz-pJ8-net_nexon_vindictus_itemcomparer_inport_StaticImportJ8,27.794109106063843
url0067cdd33d_goldolphin_Mi_tgz-pJ8-mi_regex_CommonJ8,16.160571813583374
url2f44efcfa6_wangyudong_sohutw_java_sdk_2_0_tgz-pJ8-com_sohu_t_api_sdk_json_TestJ8,24.895343542099
url85e313f409_edugasser_Ascensor_tgz-pJ8-ascensor_MainJ8,5.725365877151489
url8d1df200a8_gilleain_signatures_tgz-pJ8-signature_chemistry_LargeMoleculeTestJ8,15.028554916381836
url587829ef81_champdavis_KhovanovHomology_tgz-pJ8-KhovanovMapJ8,6.093490362167358
url75694980d5_fabioalmeid_tp01ftc_tgz-pJ8-agentes_jade_Centralizador_ExemploParserGramaticaCentralizadorJ8,42.35695767402649
url85460dd114_a2800276_event_java_tgz-pJ8-event_CloseSemanticsTestJ8,7.761847496032715
url47fb0718db_dopl_bytecast_interp_tgz-pJ8-edu_syr_bytecast_interp_amd64_AMD64ExecutionEngineJ8,9.312220335006714
url3472127e1f_SergeyKrivohatskiy_tiny_database_tgz-pJ8-ru_spbau_tinydb_bufferManager_IndexTestJ8,25.902756452560425
url20b0f880a5_jgraph_legacy_jgraph5_tgz-pJ8-org_jgraph_example_HelloWorldJ8,113.2284517288208
urlc7e4b8c1f2_normchan_craps_simulator_tgz-pJ8-normchan_crapssim_SimulatorJ8,8.551079511642456
url2df0f7c811_przemekgalazka_legacycode_tgz-pJ8-pl_cc_core_cmd_CommandJ8,23.275146484375
url36deadcd05_SCass1986_spawncamping_cyril_tgz-pJ8-org_stephen_hashmap_MainJ8,6.778703689575195
urlae87f3aacb_kamanov_Drunkard_tgz-pJ8-ru_spbau_amanov_drunkard_ApplicationJ8,5.295416593551636
url866860ad1a_forax_lambda_perf_tgz-pJ8-perf_TestJ8,13.079676389694214
url7f729337e3_timmolter_Sundial_tgz-pJ8-org_knowm_sundial_SampleRunJ8,18.753267526626587
url57668a8619_Datomic_fressian_tgz-pJ8-org_fressian_ExamplesJ8,12.176380157470703
url29d9f49ba9_frankrefischer_STTRJ_tgz-pJ8-startrekj_STTR1J8,292.0340394973755
urlb7d18764c0_steveliles_health_tgz-pJ8-com_sjl_health_SampleConfigurationJ8,8.986489295959473
url088e9d87be_jpush_jpush_java_library_tgz-pJ8-cn_jpush_example_JPushClientExampleJ8,7.122498035430908
url70997c83aa_Xilaew_risiko_tgz-pJ8-risiko_XMI2XMLtransformerJ8,17.6746883392334
urlc3ca8aa24b_davidsan_rivercityransom_tgz-pJ8-rivercityransom_dirtytests_GangsterTestMainJ8,16.24315571784973
urlff74b96b0d_HugoFeng_HospitalProject_tgz-pJ8-hugo_project_hospital_ProjectTestJ8,9.942739009857178
url49526af437_Maria_G_CS325_tgz-pJ8-assignments_farmer_FarmerImplJ8,20.696886777877808
url9d32402837_dusan_rychnovsky_chess_endgames_tgz-pJ8-cz_dusanrychnovsky_chessendgames_core_strategies_PrecomputedValuesJ8,11.017533540725708
urlfcb11f5f67_Orchaldir_FantasyWorldSimulation_tgz-pJ8-fws_worldeditor_WorldEditorJ8,8.15065336227417
urlabf490b498_anilasj_skillmonster_tgz-pJ8-org_json_TestJ8,19.301852464675903
url8af84d296f_mrcosta_gantt_generator_tgz-pJ8-org_gantt_generator_mrcpsp_RunJ8,15.275525331497192
url294e6c45f3_Ecdosis_NMergeNew_tgz-pJ8-TestJ8,40.99641275405884
url2a908001cd_malictus_klang_tgz-pJ8-malictus_klang_test_PrimitiveTestJ8,49.91402459144592
urlfd6bd5edbe_AntonPoznyak_LogFileGenerator_tgz-pJ8-logfilegen_StartMePleaseJ8,7.468069791793823
url79d4f7c7ed_schanq_Live_Algorithm_tgz-pJ8-algorithms_and_systems_AI_Evolutionary_GeneticAlgorithmJ8,20.235774278640747
url85940d3d8e_ccp999_Expr4j_tgz-pJ8-org_boris_expr_util_ExprEvaluatorJ8,24.776543140411377
urlfeea716362_ymnk_jzlib_tgz-pJ8-test_large_deflate_inflateJ8,21.712047815322876
url888b6fd9b4_jmacglashan_commandsToTasks_tgz-pJ8-commands_tests_Model3TestsJ8,34.39165735244751
url4e79c36700_JacenLakiir_Tivoo_tgz-pJ8-MainJ8,9.291690111160278
url64d634b8f0_agdturner_generic_tgz-pJ8-uk_ac_leeds_ccg_andyt_generic_visualisation_charts_Generic_BarChartJ8,49.78711700439453
url29ff2e53f3_nicolas3470_Settlers_of_Catan_AI_tgz-pJ8-robotGameJ8,115.48937702178955
url284ba87ea1_swabhs_forbidden_paths_tgz-pJ8-tagging_hypergraph_TaggingHypergraphGeneratorJ8,14.699490070343018
urld44fdf4fee_nadilsons_reflection_dsl_tgz-pJ8-br_com_bit_ideias_reflection_SimplePerformanceTestJ8,14.333615064620972
urlaa914a1de2_xu_hao_erilex_tgz-pJ8-erilex_esl_ESLJ8,46.41384029388428
url3c955055f0_dirkzhang_antlr_expressionEngine_tgz-pJ8-expression_DirkExpTestJ8,13.53567385673523
url4fdf79ae2c_beckchr_juel_tgz-pJ8-de_odysseus_el_samples_xml_sax_XMELFilterJ8,31.6440372467041
urld1e4af3f63_GMIyer_myastro_tgz-pJ8-loader_MatchMakerMainJ8,7.545671463012695
urlfb310a588a_alokhan_LinkStateNetworkSimulation_tgz-pJ8-reso_examples_static_routing_DemoJ8,11.769575119018555
url9d1719148e_mrqsdavi_pegmachine_tgz-pJ8-peg_RegexJ8,10.699323177337646
url0d38a10ee7_diegopliebana_GEBT_tgz-pJ8-ch_idsia_scenarios_test_EvolveWithChangingSeedsJ8,41.97481846809387
urlc58f2e0b85_xoriole_CEAC_tgz-pJ8-com_sdm_phr_cpabe_CpabeTestJ8,24.896580934524536
url026791d51b_dhleong_SeriesTracker_v6_tgz-pJ8-stv6_SeriesTrackerJ8,16.242568016052246
url675964e2b9_pentaho_pentaho_commons_json_tgz-pJ8-org_json_TestJ8,15.666707515716553
url027b37a4db_ctriposs_bigmap_tgz-pJ8-com_ctriposs_bigmap_LimitTestJ8,14.959048748016357
url5e6a51063b_nuigroup_hci_for_java_tgz-pJ8-nui_squirt_demo_DemoSquirtApplicationJ8,9.259386777877808
url93da129d40_marioskogias_blkin_hadoop_tgz-pJ8-mythrift_MyZipkinThriftJ8,10.848811149597168
urld5c972ef81_noxx90_jflam_tgz-pJ8-fr_noxx90_jflam_BenchmarkJ8,6.527116298675537
url594c007908_hugobraga_College_tgz-pJ8-main_GraphJ8,10.093131303787231
urlcf7851e92b_Triploblastic_CSCD350_FinalProject_tgz-pJ8-MazeGame_MazeJ8,8.988296508789062
url39209c0557_au_research_ANDS_RIFCS_API_tgz-pJ8-org_ands_rifcs_example_SampleRIFCSBuildCollectionV1Dot6Number1J8,15.424989700317383
url5a01f2c1d9_core9_core_tgz-pJ8-io_core9_core_boot_BootstrapFrameworkJ8,14.552479028701782
url3f8d6440dd_huiwq1990_CognativeModel_tgz-pJ8-clarion_samples_HelloWorldJ8,26.02421283721924
urldac7fd8c97_vitalymaryin_unsafe_utils_tgz-pJ8-org_vit_unsafeutils_TcpTestJ8,12.0006422996521
url89cafed56a_AlexDiru_esper_compiler_final_tgz-pJ8-compiler_ProgramJ8,13.959535360336304
urlcc19a18863_born2snipe_Programming_Game_AI_tgz-pJ8-ch2_msg_MiningTestJ8,6.532155990600586
urlb44e9843ba_QuasimodoNZ_SWEN222_Game_Project_tgz-pJ8-Game_World_GameWorldLevelBuilderJ8,153.86846256256104
url9e019a0ee9_elfrasco_design_principles_tgz-pJ8-ar_com_epidataconsulting_principles_ioc_before_SavePredictiveEngineProjectServiceJ8,10.227078199386597
url73605095e9_mp1401_misterx_tgz-pJ8-mp1401_examples_misterx_demo_shell_ShellDemoJ8,8.23116660118103
url86e9087e81_JohnPease_557_HW3_tgz-pJ8-uwm_cs557_Sample4J8,8.179041147232056
url4b562c5cef_benos_9k_Initial3D_Stage1_tgz-pJ8-nz_net_initial3d_test_TestJ8,17.098965644836426
url6544f14c72_charles_d_burton_java_websocket_example_tgz-pJ8-minewebsocket_MineWebSocketJ8,14.467839241027832
urlcb91e63e47_alexGalushka_E97_Assignment3_tgz-pJ8-cscie97_asn3_test_TestDriverJ8,11.551944494247437
url6da19b5a7a_krakrak_Adventure_Game_tgz-pJ8-adventure_MainJ8,12.156435251235962
url696d9a93c9_liaosiwei_bayesnetwork_tgz-pJ8-tutorial_TutorialJ8,14.373526573181152
url4913e7683c_pusuo_patchca_tgz-pJ8-org_patchca_demo_PatchcaFilterDemoPNGJ8,7.929985284805298
url2d0aeba8a7_kobantser_Calculator_tgz-pJ8-com_teamdev_students_calculator_impl_StateMachineCalculatorJ8,8.051454544067383
urldec84b8592_pcpratts_git_bisect_lab_tgz-pJ8-edu_syr_bytecast_interp_amd64_AMD64ExecutionEngineJ8,9.128320455551147
urldae1c57e59_mustafaakin_izuna_mapeditor_tgz-pJ8-in_mustafaak_izuna_actions_ActionTestJ8,7.571306467056274
url8e6440c8aa_robdimsdale_project_euler_tgz-pJ8-com_rmd_personal_projecteuler_MainJ8,253.50749588012695
url3aa01d34ec_katsuster_ememu_tgz-pJ8-net_katsuster_ememu_ui_MainJ8,34.81963777542114
url49584c1d41_Arrem_GGS_tgz-pJ8-com_gamezgalaxy_test_console_MainJ8,16.25748872756958
url933dd5727b_AppleLiang_Testing_Project_tgz-pJ8-org_joda_time_chrono_gj_MainTestJ8,195.36977362632751
url5681492665_ArgParser_Java_ArgParser_tgz-pJ8-org_argparser_ArgParserTestJ8,14.755177974700928
url04f7fcf4e1_peteratt_HDFS_Replication_Simulator_tgz-pJ8-hdfs_replicationsimulator_MainJ8,7.302220821380615
urla134d66615_fikr4n_itl_java_tgz-pJ8-example_ExampleJ8,10.18274712562561
urlfd018a75f7_highlanderkev_StockExVirtuoso_tgz-pJ8-driver_Phase4J8,22.62960171699524
url7315374482_toby1984_3dtest_tgz-pJ8-de_codesourcery_engine_Test3DJ8,13.237281560897827
url97a7a8bbec_PPilger_OOP_2_tgz-pJ8-TestJ8,9.694469451904297
url80e39b1957_tobikster_IJN_headers_recognition_tgz-pJ8-org_maltparser_examples_CreatePhraseStructureGraphJ8,77.71750378608704
url0bbb975254_maxime_collin_mediatheque_tgz-pJ8-test_MainJ8,8.664236783981323
urlead5353366_Zeldon_BigData_Class_tgz-pJ8-LocalTestsJ8,15.89503264427185
urldf54784279_tonyj321_Root_Play_tgz-pJ8-hep_io_root_output_demo_HistogramDemoJ8,9.498311758041382
url1a41b8e9f2_mr1azl_INF345_tgz-pJ8-TestParserJ8,31.150625705718994
url56b1dc76d3_wufunxiang_Libs_tgz-pJ8-org_msgpack_util_TemplatePrecompilerJ8,39.355414628982544
urlb54e207112_Ghuillaume_CSA_tgz-pJ8-M0_ApplicationJ8,5.697998046875
urlc8dbc7ce6e_dlubarov_guava_tgz-pJ8-MainJ8,23.723207235336304
url53f943c5cb_Praznat_AGP_tgz-pJ8-AMath_TestingJ8,52.83087468147278
url969d1ddca4_compmstr_java_scheme_tgz-pJ8-com_undi_javascheme_JavaSchemeJ8,16.173524618148804
urld73c47f3e5_lindenb_dataindexer_tgz-pJ8-test_github_lindenb_dataindexer_SimpleIntegerJ8,8.952667474746704
url0c7746c72b_wsuetholz_DiscountStrategy_tgz-pJ8-net_suetholz_pos_MainJ8,5.558103799819946
